{"cameraMode":{"drawMode":0,"name":"Shaded","section":"Shading Mode"},"sceneLighting":true,"audioPlay":false,"sceneViewState":{"m_AlwaysRefresh":false,"showFog":true,"showSkybox":true,"showFlares":true,"showImageEffects":true,"showParticleSystems":true,"showVisualEffectGraphs":true,"m_FxEnabled":true},"in2DMode":false,"pivot":{"x":0.4070158004760742,"y":3.8168563842773439,"z":19.20368766784668},"rotation":{"x":-0.007511945907026529,"y":0.9865332245826721,"z":-0.1563827097415924,"w":-0.047388214617967609},"size":7.861416339874268,"orthographic":false}